Order ID,Order Date,Ship Date,Customer Segment,Region,State,Category,Sub-Category,Quantity,Sales,Discount,Discounted Sales,Shipping Cost,Profit,Net Profitability
ORD-1000,4/4/2024,4/9/2024,Consumer,North,Wisconsin,Office Supplies,Pens & Art,11,6560.67,0.1,5904.6,4.57,825.27,13.98%
ORD-1001,8/18/2022,8/21/2022,Consumer,North,Wisconsin,Technology,Phones,4,2308.30,0.15,1962.06,19.47,-241.29,-12.30%
ORD-1002,10/9/2023,10/11/2023,Home Office,West,Washington,Furniture,Chairs,3,552.06,0.2,441.65,39.3,-60.37,-13.67%
ORD-1003,4/24/2022,4/28/2022,Consumer,West,Nevada,Furniture,Bookcases,8,3487.51,0.05,3313.13,31.72,255.53,7.71%
ORD-1004,1/25/2022,1/27/2022,Corporate,Central,Ohio,Office Supplies,Paper,5,3941.99,0.2,3153.59,5.18,-695.34,-22.05%
ORD-1005,6/22/2022,6/28/2022,Corporate,West,Washington,Furniture,Bookcases,5,2829.64,0.15,2405.19,48.45,-158.85,-6.60%
ORD-1006,7/21/2023,7/23/2023,Home Office,South,Florida,Office Supplies,Paper,12,5426.47,0.15,4612.5,5.56,-693.54,-15.04%
ORD-1007,1/23/2024,1/30/2024,Consumer,South,Georgia,Furniture,Tables,6,1091.47,0.45,600.31,41.03,-426.52,-71.05%
ORD-1008,11/9/2024,11/12/2024,Consumer,West,Washington,Furniture,Desks,12,5686.80,0.2,4549.44,41.14,-922.23,-20.27%
ORD-1009,11/21/2022,11/26/2022,Home Office,South,Texas,Furniture,Chairs,3,1910.35,0.05,1814.83,46.93,167.40,9.22%
ORD-1010,12/22/2022,12/29/2022,Home Office,West,Oregon,Furniture,Storage,12,1259.08,0.1,1133.17,51.48,-26.78,-2.36%
ORD-1011,7/24/2024,7/26/2024,Consumer,East,Pennsylvania,Furniture,Tables,5,3889.66,0.35,2528.28,44.33,-1403.85,-55.53%
ORD-1012,3/18/2022,3/23/2022,Home Office,East,Pennsylvania,Office Supplies,Labels,13,9608.44,0,9608.44,6.72,2880.52,29.98%
ORD-1013,1/3/2024,1/9/2024,Consumer,North,Wisconsin,Furniture,Bookcases,2,1179.09,0.2,943.27,31.43,-132.05,-14.00%
ORD-1014,3/28/2024,4/4/2024,Consumer,South,Louisiana,Office Supplies,Envelopes,10,3471.63,0,3471.63,8.1,691.90,19.93%
ORD-1015,7/15/2024,7/21/2024,Home Office,South,Georgia,Furniture,Tables,2,419.21,0.3,293.45,39.34,-152.66,-52.02%
ORD-1016,2/2/2024,2/4/2024,Consumer,Central,Ohio,Office Supplies,Paper,4,271.64,0,271.64,7.81,13.96,5.14%
ORD-1017,8/19/2024,8/22/2024,Consumer,Central,Indiana,Furniture,Tables,10,3860.47,0.45,2123.26,53.14,-1480.99,-69.75%
ORD-1018,7/28/2023,7/30/2023,Consumer,North,Michigan,Office Supplies,Envelopes,12,690.29,0.15,586.75,8.33,-8.37,-1.43%
ORD-1019,4/18/2022,4/21/2022,Corporate,North,Minnesota,Office Supplies,Pens & Art,8,1000.34,0,1000.34,5.37,278.48,27.84%
ORD-1020,10/27/2024,10/30/2024,Corporate,North,Minnesota,Office Supplies,Binders,1,775.66,0.2,620.53,7.76,-20.94,-3.37%
ORD-1021,12/13/2022,12/18/2022,Corporate,West,Arizona,Furniture,Desks,1,788.47,0.4,473.08,56.64,-244.07,-51.59%
ORD-1022,3/7/2023,3/11/2023,Corporate,East,Massachusetts,Office Supplies,Labels,1,469.66,0.1,422.69,4.46,66.29,15.68%
ORD-1023,12/6/2024,12/8/2024,Consumer,North,Illinois,Office Supplies,Envelopes,1,769.21,0,769.21,7.78,151.51,19.70%
ORD-1024,2/8/2024,2/15/2024,Consumer,Central,Kansas,Office Supplies,Paper,10,4816.98,0.1,4335.28,4.54,-348.18,-8.03%
ORD-1025,3/11/2024,3/15/2024,Home Office,Central,Missouri,Office Supplies,Pens & Art,4,894.03,0,894.03,7.02,248.22,27.76%
ORD-1026,9/4/2024,9/8/2024,Corporate,West,Arizona,Technology,Laptops,2,874.09,0.1,786.68,15.94,-20.52,-2.61%
ORD-1027,7/23/2024,7/25/2024,Home Office,North,Wisconsin,Furniture,Bookcases,5,2475.84,0.2,1980.67,48.63,-272.08,-13.74%
ORD-1028,4/24/2022,5/1/2022,Corporate,Central,Indiana,Office Supplies,Binders,9,1233.24,0,1233.24,6.74,306.29,24.84%
ORD-1029,8/3/2022,8/7/2022,Consumer,East,Connecticut,Office Supplies,Pens & Art,11,3822.58,0,3822.58,4.39,1069.01,27.97%
ORD-1030,8/18/2023,8/22/2023,Home Office,South,Alabama,Furniture,Desks,1,102.82,0.35,66.83,45.44,-41.03,-61.39%
ORD-1031,1/26/2023,1/29/2023,Home Office,Central,Indiana,Technology,Monitors,14,648.44,0,648.44,15.25,60.27,9.29%
ORD-1032,11/28/2022,12/3/2022,Corporate,North,Illinois,Office Supplies,Envelopes,3,2343.97,0.2,1875.18,4.94,-151.50,-8.08%
ORD-1033,11/26/2024,12/1/2024,Consumer,North,North Dakota,Office Supplies,Pens & Art,4,897.77,0.2,718.22,7.15,-2.14,-0.30%
ORD-1034,5/8/2022,5/10/2022,Corporate,North,North Dakota,Technology,Phones,1,533.13,0.05,506.47,16.74,5.11,1.01%
ORD-1035,10/11/2024,10/15/2024,Corporate,East,Massachusetts,Office Supplies,Labels,1,105.54,0,105.54,4.95,30.18,28.60%
ORD-1036,10/14/2023,10/20/2023,Consumer,North,Michigan,Office Supplies,Envelopes,10,7876.25,0,7876.25,5.82,1573.50,19.98%
ORD-1037,8/22/2024,8/26/2024,Corporate,South,Texas,Technology,Monitors,12,9037.28,0.15,7681.69,21.05,-851.30,-11.08%
ORD-1038,5/24/2022,5/28/2022,Consumer,West,Nevada,Office Supplies,Pens & Art,15,3761.29,0,3761.29,7,1051.06,27.94%
ORD-1039,3/13/2024,3/17/2024,Home Office,West,Washington,Furniture,Storage,11,6625.14,0,6625.14,47.5,847.02,12.78%
ORD-1040,3/20/2024,3/23/2024,Home Office,West,Oregon,Technology,Accessories,11,2947.62,0.05,2800.24,18.17,414.58,14.81%
ORD-1041,5/21/2024,5/24/2024,Corporate,Central,Ohio,Office Supplies,Paper,10,2781.23,0.2,2224.98,8.2,-491.96,-22.11%
ORD-1042,1/20/2023,1/27/2023,Consumer,East,New York,Technology,Phones,14,8655.70,0.05,8222.92,17.82,159.11,1.93%
ORD-1043,6/21/2022,6/23/2022,Consumer,Central,Kansas,Office Supplies,Envelopes,12,232.23,0.2,185.78,7.81,-17.21,-9.26%
ORD-1044,1/28/2022,2/3/2022,Consumer,West,Arizona,Technology,Printers,2,746.65,0.45,410.66,21.01,-281.45,-68.54%
ORD-1045,7/15/2024,7/19/2024,Corporate,Central,Colorado,Furniture,Storage,15,2099.08,0.2,1679.26,43.36,-264.90,-15.77%
ORD-1046,9/15/2023,9/19/2023,Home Office,South,Alabama,Furniture,Storage,2,1150.27,0,1150.27,37.39,138.32,12.03%
ORD-1047,6/23/2022,6/28/2022,Consumer,Central,Indiana,Technology,Phones,4,261.68,0.05,248.6,16.77,-0.06,-0.02%
ORD-1048,12/23/2024,12/28/2024,Consumer,West,Arizona,Technology,Monitors,1,687.53,0.2,550.02,19.85,-104.96,-19.08%
ORD-1049,8/18/2024,8/22/2024,Corporate,North,North Dakota,Furniture,Tables,13,6351.19,0.35,4128.27,43.75,-2283.67,-55.32%
ORD-1050,10/24/2023,10/30/2023,Corporate,West,Oregon,Technology,Monitors,3,2024.39,0,2024.39,24.96,194.95,9.63%
ORD-1051,2/5/2023,2/9/2023,Corporate,North,Minnesota,Office Supplies,Labels,14,5284.07,0,5284.07,5.29,1583.63,29.97%
ORD-1052,4/9/2023,4/11/2023,Corporate,South,Alabama,Furniture,Bookcases,14,1110.15,0,1110.15,51.42,151.10,13.61%
ORD-1053,11/7/2022,11/12/2022,Consumer,East,New York,Office Supplies,Binders,14,433.98,0,433.98,5.2,106.94,24.64%
ORD-1054,11/20/2022,11/23/2022,Home Office,North,Michigan,Technology,Monitors,10,7715.32,0.15,6558.02,14.04,-725.59,-11.06%
ORD-1055,9/13/2023,9/20/2023,Consumer,East,New Jersey,Office Supplies,Binders,12,2048.27,0.1,1843.44,7.1,200.65,10.88%
ORD-1056,11/26/2024,11/28/2024,Consumer,South,Louisiana,Office Supplies,Pens & Art,1,287.55,0.05,273.17,6.98,55.27,20.23%
ORD-1057,11/14/2022,11/17/2022,Home Office,Central,Kansas,Furniture,Chairs,6,3083.61,0.2,2466.89,42.92,-284.23,-11.52%
ORD-1058,9/25/2024,9/29/2024,Consumer,West,Oregon,Office Supplies,Labels,8,3039.41,0.2,2431.53,7.27,46.45,1.91%
ORD-1059,4/19/2023,4/23/2023,Consumer,East,Massachusetts,Technology,Accessories,10,5395.28,0,5395.28,12.96,1183.07,21.93%
ORD-1060,5/23/2024,5/26/2024,Corporate,South,Georgia,Technology,Accessories,15,3478.06,0,3478.06,19.11,759.44,21.84%
ORD-1061,9/23/2022,9/25/2022,Consumer,North,North Dakota,Office Supplies,Envelopes,8,4176.27,0.05,3967.46,6.08,513.95,12.95%
ORD-1062,5/12/2024,5/19/2024,Corporate,North,Wisconsin,Technology,Monitors,8,3595.81,0,3595.81,17.96,354.19,9.85%
ORD-1063,5/4/2022,5/11/2022,Corporate,Central,Missouri,Furniture,Tables,12,1994.14,0.3,1395.9,51.24,-685.40,-49.10%
ORD-1064,10/20/2024,10/23/2024,Consumer,South,Georgia,Technology,Monitors,5,3923.50,0.2,3138.8,15.05,-569.50,-18.14%
ORD-1065,2/2/2022,2/7/2022,Consumer,East,Connecticut,Furniture,Chairs,9,2198.95,0,2198.95,48.15,359.38,16.34%
ORD-1066,7/6/2023,7/8/2023,Consumer,North,North Dakota,Office Supplies,Pens & Art,1,213.20,0.2,170.56,6.21,-1.86,-1.09%
ORD-1067,3/10/2024,3/15/2024,Corporate,West,California,Technology,Printers,2,1590.45,0.3,1113.32,19.63,-518.02,-46.53%
ORD-1068,6/10/2023,6/16/2023,Home Office,Central,Colorado,Office Supplies,Paper,14,6677.89,0.05,6344,5.48,-65.08,-1.03%
ORD-1069,9/22/2023,9/25/2023,Home Office,North,Wisconsin,Office Supplies,Binders,2,276.58,0,276.58,6.52,67.19,24.29%
ORD-1070,5/10/2022,5/17/2022,Corporate,North,North Dakota,Furniture,Storage,12,2843.21,0.2,2274.57,42.75,-354.01,-15.56%
ORD-1071,7/8/2024,7/10/2024,Corporate,South,Florida,Office Supplies,Labels,11,1451.52,0,1451.52,7.67,433.15,29.84%
ORD-1072,12/4/2023,12/8/2023,Consumer,North,Illinois,Furniture,Storage,8,4444.90,0.15,3778.16,41.23,-314.62,-8.33%
ORD-1073,9/24/2023,10/1/2023,Home Office,Central,Ohio,Furniture,Tables,6,2933.49,0.3,2053.44,32.09,-995.28,-48.47%
ORD-1074,1/16/2022,1/22/2022,Home Office,Central,Colorado,Technology,Accessories,9,4737.91,0,4737.91,14.89,1037.87,21.91%
ORD-1075,5/11/2023,5/18/2023,Home Office,West,Arizona,Furniture,Chairs,11,1068.22,0,1068.22,39.1,169.87,15.90%
ORD-1076,1/11/2022,1/17/2022,Corporate,West,Nevada,Office Supplies,Envelopes,5,1343.85,0.2,1075.08,5.9,-87.78,-8.16%
ORD-1077,1/12/2024,1/14/2024,Home Office,North,North Dakota,Office Supplies,Envelopes,10,6088.08,0.15,5174.87,6.06,-53.57,-1.04%
ORD-1078,7/16/2024,7/19/2024,Corporate,South,Georgia,Office Supplies,Paper,2,75.33,0.15,64.03,6.76,-11.63,-18.16%
ORD-1079,6/27/2022,6/30/2022,Corporate,South,Louisiana,Office Supplies,Binders,15,1561.00,0,1561,6.92,388.17,24.87%
ORD-1080,6/16/2023,6/22/2023,Home Office,West,Oregon,Furniture,Storage,4,1494.31,0,1494.31,40.68,182.06,12.18%
ORD-1081,11/11/2023,11/15/2023,Home Office,Central,Missouri,Technology,Laptops,15,9500.37,0,9500.37,22.94,1133.16,11.93%
ORD-1082,7/12/2023,7/16/2023,Home Office,East,Pennsylvania,Office Supplies,Envelopes,6,2689.53,0.1,2420.58,5.78,143.50,5.93%
ORD-1083,4/2/2023,4/9/2023,Home Office,South,Alabama,Technology,Printers,6,3597.56,0.45,1978.66,17.46,-1330.94,-67.26%
ORD-1084,12/28/2023,1/2/2024,Corporate,South,Louisiana,Technology,Phones,2,1402.48,0.05,1332.36,13.86,22.49,1.69%
ORD-1085,2/11/2023,2/15/2023,Consumer,North,Wisconsin,Technology,Monitors,10,5587.73,0.15,4749.57,13.61,-526.54,-11.09%
ORD-1086,1/8/2022,1/15/2022,Corporate,Central,Colorado,Furniture,Tables,11,6074.79,0.4,3644.87,58.72,-2277.44,-62.48%
ORD-1087,3/1/2023,3/5/2023,Corporate,North,North Dakota,Technology,Laptops,1,269.63,0,269.63,16.3,27.47,10.19%
ORD-1088,9/6/2022,9/9/2022,Consumer,West,Arizona,Technology,Printers,3,230.97,0.45,127.03,20.41,-91.23,-71.82%
ORD-1089,9/9/2023,9/13/2023,Home Office,West,Arizona,Technology,Phones,11,246.15,0.2,196.92,18.46,-42.95,-21.81%
ORD-1090,12/21/2023,12/24/2023,Consumer,Central,Missouri,Technology,Monitors,7,3898.27,0.05,3703.36,23.25,104.13,2.81%
ORD-1091,9/10/2024,9/14/2024,Corporate,West,Arizona,Technology,Phones,12,2961.07,0.2,2368.86,20.89,-456.35,-19.26%
ORD-1092,11/25/2023,12/2/2023,Home Office,North,Illinois,Office Supplies,Binders,13,2543.36,0.2,2034.69,5.68,-62.74,-3.08%
ORD-1093,12/2/2024,12/9/2024,Home Office,South,Texas,Furniture,Desks,5,3170.30,0.3,2219.21,46.44,-768.46,-34.63%
ORD-1094,3/26/2022,3/30/2022,Consumer,South,Alabama,Furniture,Bookcases,9,6327.19,0,6327.19,45.01,935.58,14.79%
ORD-1095,11/3/2023,11/10/2023,Corporate,South,Georgia,Furniture,Bookcases,3,1821.03,0,1821.03,54.69,256.75,14.10%
ORD-1096,1/4/2024,1/10/2024,Home Office,West,Arizona,Furniture,Chairs,8,2434.72,0.15,2069.51,49.17,-97.53,-4.71%
ORD-1097,7/18/2024,7/25/2024,Home Office,West,Washington,Furniture,Chairs,6,4400.86,0,4400.86,48.44,733.61,16.67%
ORD-1098,3/10/2022,3/13/2022,Home Office,West,California,Furniture,Tables,8,849.24,0.35,552.01,55.49,-320.25,-58.02%
ORD-1099,9/5/2024,9/11/2024,Corporate,West,Arizona,Furniture,Storage,15,5110.27,0,5110.27,53.91,648.16,12.68%
ORD-1100,7/28/2022,8/4/2022,Corporate,West,Washington,Technology,Accessories,6,557.96,0.15,474.27,17.23,-0.43,-0.09%
ORD-1101,12/3/2023,12/5/2023,Consumer,East,Pennsylvania,Furniture,Bookcases,11,1996.53,0.15,1697.05,46.96,-115.91,-6.83%
ORD-1102,3/7/2024,3/10/2024,Corporate,North,Illinois,Technology,Phones,10,1845.22,0.2,1476.18,15.54,-285.14,-19.32%
ORD-1103,8/4/2022,8/7/2022,Consumer,Central,Indiana,Furniture,Desks,11,7646.78,0.35,4970.41,29.84,-2046.82,-41.18%
ORD-1104,1/14/2024,1/18/2024,Corporate,Central,Missouri,Technology,Phones,9,937.93,0,937.93,18.6,78.83,8.40%
ORD-1105,4/2/2024,4/6/2024,Home Office,Central,Colorado,Technology,Monitors,12,7558.00,0.2,6046.4,20.9,-1094.62,-18.10%
ORD-1106,11/22/2023,11/24/2023,Home Office,West,Arizona,Technology,Laptops,2,799.72,0.05,759.73,13.53,33.93,4.47%
ORD-1107,4/19/2024,4/25/2024,Home Office,East,Pennsylvania,Technology,Laptops,9,5166.36,0.05,4908.04,25.13,237.86,4.85%
ORD-1108,2/4/2024,2/7/2024,Corporate,East,Massachusetts,Office Supplies,Labels,14,7405.30,0.2,5924.24,6.52,116.53,1.97%
ORD-1109,11/14/2023,11/18/2023,Corporate,West,Oregon,Technology,Monitors,12,1075.71,0.05,1021.92,16.54,25.70,2.51%
ORD-1110,2/3/2022,2/6/2022,Consumer,East,New York,Office Supplies,Envelopes,7,635.62,0.15,540.28,5.77,-7.13,-1.32%
ORD-1111,5/14/2022,5/21/2022,Consumer,Central,Colorado,Office Supplies,Labels,6,4204.69,0.2,3363.75,5.98,65.48,1.95%
ORD-1112,2/7/2024,2/11/2024,Corporate,North,Michigan,Office Supplies,Pens & Art,3,1591.61,0,1591.61,7.76,443.32,27.85%
ORD-1113,4/28/2023,5/5/2023,Corporate,Central,Colorado,Technology,Accessories,9,7020.17,0.2,5616.14,20.43,-343.10,-6.11%
ORD-1114,3/25/2024,3/28/2024,Consumer,Central,Ohio,Office Supplies,Pens & Art,5,3692.03,0,3692.03,4.23,1032.50,27.97%
ORD-1115,10/3/2022,10/7/2022,Home Office,Central,Indiana,Furniture,Chairs,12,5177.15,0.05,4918.29,41.74,479.31,9.75%
ORD-1116,9/5/2022,9/9/2022,Corporate,South,Louisiana,Furniture,Bookcases,3,1821.70,0,1821.7,49.21,258.49,14.19%
ORD-1117,7/7/2023,7/11/2023,Home Office,West,Nevada,Furniture,Tables,13,5423.49,0.4,3254.09,42.04,-2030.15,-62.39%
ORD-1118,4/2/2024,4/6/2024,Corporate,Central,Ohio,Office Supplies,Pens & Art,1,175.47,0,175.47,7.42,46.91,26.73%
ORD-1119,11/5/2022,11/12/2022,Corporate,East,Massachusetts,Technology,Laptops,7,3031.54,0,3031.54,18.9,358.11,11.81%
ORD-1120,1/28/2022,2/4/2022,Consumer,East,Massachusetts,Furniture,Chairs,6,2801.83,0.1,2521.65,41.29,63.26,2.51%
ORD-1121,12/26/2022,12/28/2022,Corporate,West,California,Technology,Monitors,10,3761.76,0.15,3197.5,24.19,-358.98,-11.23%
ORD-1122,6/13/2022,6/16/2022,Consumer,West,Nevada,Technology,Monitors,14,3619.92,0,3619.92,15.39,357.38,9.87%
ORD-1123,8/12/2023,8/15/2023,Home Office,North,Illinois,Office Supplies,Binders,12,9206.46,0.15,7825.49,7.62,310.73,3.97%
ORD-1124,9/3/2024,9/9/2024,Consumer,North,Wisconsin,Furniture,Desks,3,2285.29,0.45,1256.91,43.04,-704.21,-56.03%
ORD-1125,5/11/2024,5/15/2024,Corporate,Central,Colorado,Office Supplies,Labels,3,1080.64,0.05,1026.61,6.06,234.30,22.82%
ORD-1126,2/15/2023,2/22/2023,Home Office,East,Connecticut,Technology,Accessories,1,59.66,0.2,47.73,16.22,-7.73,-16.20%
ORD-1127,7/26/2024,8/1/2024,Home Office,North,North Dakota,Office Supplies,Labels,12,8619.16,0.05,8188.2,8.02,1880.88,22.97%
ORD-1128,3/15/2022,3/22/2022,Corporate,South,Louisiana,Office Supplies,Envelopes,2,1303.22,0.2,1042.58,5.64,-85.10,-8.16%
ORD-1129,4/15/2023,4/19/2023,Home Office,North,Minnesota,Office Supplies,Paper,9,3828.21,0,3828.21,5.73,227.97,5.96%
ORD-1130,11/11/2024,11/15/2024,Corporate,West,California,Furniture,Storage,2,547.61,0.1,492.85,49.34,-19.73,-4.00%
ORD-1131,5/22/2024,5/29/2024,Home Office,East,Pennsylvania,Office Supplies,Labels,3,2203.94,0,2203.94,8.26,658.70,29.89%
ORD-1132,9/26/2024,10/3/2024,Consumer,West,Oregon,Office Supplies,Binders,6,3920.10,0.15,3332.09,7.15,131.14,3.94%
ORD-1133,6/10/2023,6/15/2023,Consumer,Central,Colorado,Office Supplies,Envelopes,3,2285.00,0,2285,8.18,454.55,19.89%
ORD-1134,5/17/2022,5/19/2022,Consumer,South,Texas,Technology,Phones,13,5703.36,0.15,4847.86,23.73,-588.86,-12.15%
ORD-1135,3/27/2022,3/29/2022,Home Office,East,Massachusetts,Technology,Printers,12,7443.74,0.35,4838.43,21.69,-2570.87,-53.13%
ORD-1136,9/26/2024,10/1/2024,Corporate,West,Arizona,Office Supplies,Paper,8,1589.54,0,1589.54,5.5,93.72,5.90%
ORD-1137,7/25/2023,7/28/2023,Corporate,South,Alabama,Office Supplies,Labels,7,2868.47,0.05,2725.05,8.26,624.28,22.91%
ORD-1138,12/4/2024,12/6/2024,Consumer,Central,Kansas,Furniture,Chairs,12,8148.31,0.2,6518.65,33.07,-726.97,-11.15%
ORD-1139,11/8/2022,11/13/2022,Corporate,South,Florida,Furniture,Storage,14,5167.90,0,5167.9,56.76,654.80,12.67%
ORD-1140,6/12/2022,6/19/2022,Corporate,North,Wisconsin,Office Supplies,Pens & Art,4,148.51,0,148.51,7.72,39.27,26.44%
ORD-1141,12/23/2023,12/29/2023,Consumer,East,New Jersey,Technology,Laptops,14,1735.33,0.15,1475.03,18.51,-138.31,-9.38%
ORD-1142,11/24/2024,11/27/2024,Consumer,North,Wisconsin,Technology,Accessories,10,4293.01,0,4293.01,22.38,937.75,21.84%
ORD-1143,9/15/2024,9/17/2024,Consumer,East,Massachusetts,Technology,Phones,2,204.05,0.05,193.85,20.12,-2.16,-1.11%
ORD-1144,7/12/2024,7/14/2024,Home Office,Central,Missouri,Technology,Phones,4,1851.88,0,1851.88,20.97,160.38,8.66%
ORD-1145,8/18/2024,8/23/2024,Corporate,Central,Colorado,Technology,Printers,1,321.51,0.45,176.83,13.15,-122.42,-69.23%
ORD-1146,11/10/2023,11/15/2023,Corporate,East,New Jersey,Office Supplies,Binders,12,6369.92,0,6369.92,7.44,1590.25,24.96%
ORD-1147,5/6/2024,5/11/2024,Consumer,East,Connecticut,Technology,Accessories,14,8772.78,0.05,8334.14,24.96,1242.63,14.91%
ORD-1148,5/26/2022,6/1/2022,Consumer,South,Texas,Technology,Monitors,4,2841.38,0,2841.38,24.36,276.83,9.74%
ORD-1149,11/10/2022,11/14/2022,Home Office,West,California,Furniture,Bookcases,6,4150.67,0,4150.67,54.85,606.15,14.60%
ORD-1150,11/11/2023,11/17/2023,Corporate,East,Massachusetts,Furniture,Tables,3,1213.56,0.45,667.46,40.2,-472.61,-70.81%
ORD-1151,7/18/2022,7/22/2022,Consumer,East,New York,Office Supplies,Envelopes,5,1335.75,0,1335.75,5.58,265.48,19.87%
ORD-1152,10/15/2023,10/20/2023,Corporate,East,Pennsylvania,Office Supplies,Envelopes,1,585.55,0,585.55,6.78,115.08,19.65%
ORD-1153,6/22/2024,6/29/2024,Home Office,East,Massachusetts,Technology,Laptops,3,2288.82,0,2288.82,23.29,267.67,11.69%
ORD-1154,11/12/2023,11/19/2023,Consumer,West,Washington,Technology,Laptops,7,5322.32,0,5322.32,20.22,632.61,11.89%
ORD-1155,9/9/2024,9/14/2024,Corporate,West,California,Furniture,Tables,7,1832.55,0.4,1099.53,36.74,-692.73,-63.00%
ORD-1156,6/4/2024,6/10/2024,Home Office,North,Illinois,Technology,Monitors,5,3116.74,0.15,2649.23,18.22,-296.88,-11.21%
ORD-1157,3/15/2022,3/22/2022,Home Office,East,New York,Furniture,Desks,3,2161.39,0.45,1188.76,58.72,-671.43,-56.48%
ORD-1158,8/28/2023,9/1/2023,Home Office,East,Connecticut,Furniture,Chairs,3,1721.31,0.15,1463.11,48.15,-72.97,-4.99%
ORD-1159,4/1/2023,4/7/2023,Consumer,Central,Indiana,Technology,Phones,6,2699.44,0,2699.44,18.49,237.40,8.79%
ORD-1160,6/24/2024,6/30/2024,Home Office,South,Georgia,Technology,Laptops,8,3421.37,0.2,2737.1,17.76,-443.26,-16.19%
ORD-1161,7/12/2024,7/18/2024,Consumer,North,North Dakota,Furniture,Chairs,3,2112.60,0.2,1690.08,45.61,-199.59,-11.81%
ORD-1162,11/5/2024,11/8/2024,Consumer,South,Texas,Furniture,Storage,5,721.28,0,721.28,56.88,76.70,10.63%
ORD-1163,3/9/2024,3/15/2024,Home Office,East,New Jersey,Furniture,Chairs,3,1516.93,0.1,1365.24,45.08,27.43,2.01%
ORD-1164,10/20/2024,10/22/2024,Home Office,South,Florida,Office Supplies,Paper,6,4058.32,0.1,3652.49,4.37,-293.51,-8.04%
ORD-1165,10/14/2024,10/20/2024,Consumer,North,Michigan,Office Supplies,Labels,10,5166.08,0.05,4907.78,7.93,1126.41,22.95%
ORD-1166,11/13/2024,11/18/2024,Home Office,East,Pennsylvania,Furniture,Tables,5,1855.16,0.3,1298.61,34.05,-633.55,-48.79%
ORD-1167,3/11/2024,3/14/2024,Corporate,West,Nevada,Technology,Accessories,12,9487.18,0,9487.18,24.89,2079.71,21.92%
ORD-1168,4/9/2022,4/14/2022,Home Office,East,New Jersey,Office Supplies,Binders,8,1676.93,0,1676.93,4.41,417.91,24.92%
ORD-1169,12/11/2024,12/16/2024,Corporate,Central,Missouri,Technology,Phones,4,2456.20,0.05,2333.39,25.15,39.12,1.68%
ORD-1170,12/15/2024,12/19/2024,Corporate,West,California,Furniture,Chairs,4,735.55,0,735.55,30.83,115.79,15.74%
ORD-1171,8/14/2022,8/19/2022,Home Office,West,Oregon,Office Supplies,Envelopes,3,2123.18,0.15,1804.7,5.74,-19.77,-1.10%
ORD-1172,9/18/2023,9/24/2023,Consumer,East,Connecticut,Furniture,Chairs,5,363.61,0.1,327.25,42.64,-2.97,-0.91%
ORD-1173,2/13/2022,2/17/2022,Home Office,East,New York,Office Supplies,Labels,6,3833.97,0,3833.97,6.54,1148.23,29.95%
ORD-1174,8/2/2022,8/7/2022,Consumer,South,Alabama,Office Supplies,Labels,3,1725.51,0.2,1380.41,6.19,25.75,1.87%
ORD-1175,12/6/2023,12/12/2023,Home Office,South,Georgia,Office Supplies,Paper,7,5548.43,0.15,4716.17,7.74,-709.75,-15.05%
ORD-1176,10/16/2023,10/21/2023,Home Office,East,Massachusetts,Office Supplies,Labels,14,392.84,0,392.84,7.03,115.74,29.46%
ORD-1177,7/26/2024,8/1/2024,Corporate,Central,Colorado,Office Supplies,Binders,13,6098.33,0,6098.33,7.23,1522.41,24.96%
ORD-1178,3/8/2024,3/10/2024,Consumer,West,Arizona,Office Supplies,Labels,1,464.47,0.15,394.8,4.66,34.13,8.64%
ORD-1179,10/17/2023,10/24/2023,Corporate,West,Arizona,Furniture,Desks,13,6435.13,0.45,3539.32,55.06,-1963.14,-55.47%
ORD-1180,9/16/2024,9/22/2024,Home Office,North,Wisconsin,Technology,Printers,9,2797.27,0.35,1818.23,18.39,-969.18,-53.30%
ORD-1181,7/9/2022,7/16/2022,Home Office,East,Connecticut,Furniture,Bookcases,9,2243.90,0,2243.9,52.07,320.96,14.30%
ORD-1182,7/26/2024,8/1/2024,Home Office,South,Georgia,Office Supplies,Envelopes,12,2755.97,0,2755.97,6.61,549.21,19.93%
ORD-1183,1/3/2024,1/6/2024,Corporate,West,Oregon,Furniture,Desks,6,4442.09,0.4,2665.25,51.37,-1294.73,-48.58%
ORD-1184,3/24/2024,3/30/2024,Home Office,South,Georgia,Furniture,Storage,10,2028.36,0,2028.36,49.09,248.96,12.27%
ORD-1185,6/16/2024,6/22/2024,Home Office,South,Texas,Technology,Laptops,2,1099.47,0,1099.47,12.67,128.14,11.65%
ORD-1186,10/11/2023,10/17/2023,Corporate,South,Alabama,Office Supplies,Envelopes,5,2610.15,0.2,2088.12,4.58,-168.42,-8.07%
ORD-1187,6/2/2022,6/9/2022,Home Office,South,Florida,Office Supplies,Binders,14,4572.97,0.05,4344.32,4.98,780.48,17.97%
ORD-1188,9/10/2023,9/13/2023,Consumer,East,Connecticut,Technology,Accessories,8,6331.54,0.1,5698.39,19.21,450.11,7.90%
ORD-1189,5/15/2024,5/19/2024,Corporate,Central,Ohio,Furniture,Desks,11,2386.48,0.35,1551.21,29.81,-644.94,-41.58%
ORD-1190,9/13/2024,9/20/2024,Home Office,East,Pennsylvania,Office Supplies,Paper,14,4910.46,0,4910.46,4.56,293.26,5.97%
ORD-1191,12/9/2022,12/13/2022,Consumer,North,Michigan,Technology,Monitors,7,1399.19,0.2,1119.35,15.96,-206.27,-18.43%
ORD-1192,4/23/2023,4/26/2023,Home Office,East,New York,Office Supplies,Labels,4,255.07,0,255.07,6.15,74.68,29.28%
ORD-1193,9/12/2023,9/17/2023,Home Office,West,California,Office Supplies,Pens & Art,10,1883.67,0,1883.67,6.21,525.56,27.90%
ORD-1194,11/27/2024,11/29/2024,Corporate,Central,Kansas,Furniture,Storage,4,2452.24,0.15,2084.4,51.59,-182.23,-8.74%
ORD-1195,12/2/2022,12/8/2022,Corporate,Central,Ohio,Office Supplies,Pens & Art,14,6228.67,0.1,5605.8,5.05,783.30,13.97%
ORD-1196,2/23/2022,2/25/2022,Consumer,South,Alabama,Furniture,Storage,10,3987.30,0.1,3588.57,42.5,-48.64,-1.36%
ORD-1197,9/15/2024,9/19/2024,Consumer,West,Arizona,Office Supplies,Envelopes,11,7132.71,0.15,6062.8,4.29,-61.91,-1.02%
ORD-1198,1/23/2023,1/25/2023,Home Office,North,Minnesota,Technology,Printers,2,879.63,0.3,615.74,24.38,-290.55,-47.19%
ORD-1199,11/24/2024,11/29/2024,Consumer,West,Washington,Furniture,Tables,11,8487.26,0.4,5092.36,58.59,-3174.84,-62.35%
ORD-1200,2/4/2023,2/11/2023,Corporate,West,Nevada,Furniture,Chairs,3,2383.15,0.05,2263.99,44.95,212.91,9.40%
ORD-1201,10/14/2024,10/18/2024,Consumer,South,Alabama,Technology,Accessories,9,2814.59,0,2814.59,15.72,614.49,21.83%
ORD-1202,11/20/2023,11/22/2023,Corporate,South,Texas,Technology,Laptops,13,9749.31,0,9749.31,15.63,1165.23,11.95%
ORD-1203,10/8/2022,10/11/2022,Home Office,North,Illinois,Technology,Monitors,12,596.71,0.05,566.87,15.55,12.34,2.18%
ORD-1204,11/19/2024,11/23/2024,Consumer,North,Wisconsin,Office Supplies,Pens & Art,6,2809.91,0.2,2247.93,7.02,-2.11,-0.09%
ORD-1205,6/2/2023,6/7/2023,Corporate,South,Florida,Technology,Printers,9,6836.30,0.35,4443.6,20.49,-2361.25,-53.14%
ORD-1206,11/23/2023,11/29/2023,Corporate,Central,Kansas,Technology,Accessories,7,2348.38,0,2348.38,17.34,511.44,21.78%
ORD-1207,11/18/2022,11/23/2022,Consumer,West,Washington,Technology,Accessories,7,5422.99,0.1,4880.69,19.28,384.67,7.88%
ORD-1208,12/3/2023,12/8/2023,Corporate,South,Texas,Technology,Accessories,9,5254.19,0,5254.19,13.25,1151.95,21.92%
ORD-1209,11/24/2024,11/28/2024,Home Office,Central,Indiana,Technology,Laptops,11,4990.67,0.05,4741.14,15.23,232.49,4.90%
ORD-1210,11/8/2023,11/11/2023,Consumer,East,New York,Technology,Phones,12,5873.46,0,5873.46,17.6,523.33,8.91%
ORD-1211,8/10/2023,8/17/2023,Corporate,Central,Kansas,Furniture,Tables,5,1486.61,0.45,817.64,43.1,-577.10,-70.58%
ORD-1212,6/28/2024,7/4/2024,Corporate,West,Oregon,Technology,Accessories,4,2387.53,0,2387.53,15.89,520.49,21.80%
ORD-1213,3/13/2022,3/20/2022,Home Office,Central,Indiana,Furniture,Bookcases,10,6691.90,0.05,6357.3,45.59,494.91,7.78%
ORD-1214,3/6/2023,3/12/2023,Corporate,East,Massachusetts,Furniture,Tables,3,1741.34,0.45,957.74,34.81,-671.28,-70.09%
ORD-1215,11/5/2023,11/7/2023,Home Office,North,Minnesota,Technology,Laptops,14,7141.41,0,7141.41,21.51,850.52,11.91%
ORD-1216,9/20/2024,9/26/2024,Consumer,South,Texas,Furniture,Bookcases,15,5914.73,0.05,5618.99,29.86,440.56,7.84%
ORD-1217,10/10/2024,10/13/2024,Corporate,Central,Colorado,Technology,Laptops,1,409.24,0.15,347.85,21.09,-37.63,-10.82%
ORD-1218,3/9/2024,3/13/2024,Consumer,North,Wisconsin,Office Supplies,Paper,14,4105.31,0.2,3284.25,5.87,-724.30,-22.05%
ORD-1219,5/21/2022,5/26/2022,Corporate,West,Washington,Office Supplies,Paper,14,7352.34,0,7352.34,4.59,439.76,5.98%
ORD-1220,10/16/2022,10/18/2022,Home Office,West,California,Furniture,Chairs,14,4978.67,0.2,3982.94,39.14,-449.87,-11.29%
ORD-1221,7/3/2022,7/5/2022,Consumer,Central,Colorado,Technology,Phones,11,8157.42,0.1,7341.68,19.7,-372.99,-5.08%
ORD-1222,3/27/2024,3/30/2024,Corporate,South,Louisiana,Technology,Phones,7,5209.17,0,5209.17,14.65,464.43,8.92%
ORD-1223,6/5/2024,6/12/2024,Corporate,Central,Missouri,Office Supplies,Labels,13,10282.42,0.15,8740.06,4.53,785.25,8.98%
ORD-1224,11/20/2023,11/24/2023,Consumer,East,Pennsylvania,Technology,Monitors,13,6459.49,0.1,5813.54,17.6,-237.82,-4.09%
ORD-1225,4/13/2024,4/15/2024,Home Office,North,North Dakota,Furniture,Tables,7,1125.63,0.2,900.5,48.82,-320.82,-35.63%
ORD-1226,4/23/2023,4/27/2023,Corporate,Central,Ohio,Technology,Laptops,13,6663.96,0.15,5664.37,17.51,-515.05,-9.09%
ORD-1227,6/4/2023,6/10/2023,Consumer,North,North Dakota,Technology,Accessories,3,250.58,0.05,238.05,18.26,30.23,12.70%
ORD-1228,6/20/2022,6/24/2022,Corporate,Central,Ohio,Technology,Laptops,10,6307.84,0.2,5046.27,17.45,-812.64,-16.10%
ORD-1229,9/22/2022,9/27/2022,Corporate,West,Washington,Technology,Printers,7,1036.41,0.4,621.85,16.39,-378.03,-60.79%
ORD-1230,7/26/2023,7/31/2023,Consumer,South,Georgia,Technology,Monitors,2,596.97,0,596.97,21.68,53.19,8.91%
ORD-1231,3/13/2022,3/17/2022,Home Office,Central,Ohio,Technology,Monitors,6,4054.00,0.05,3851.3,0,108.72,2.82%
ORD-1232,5/23/2024,5/27/2024,Corporate,West,Washington,Furniture,Storage,4,1564.09,0,1564.09,57.76,186.00,11.89%
ORD-1233,11/13/2023,11/19/2023,Home Office,East,Connecticut,Office Supplies,Envelopes,5,3279.74,0.05,3115.75,5.73,403.33,12.94%
ORD-1234,1/15/2024,1/22/2024,Home Office,South,Louisiana,Office Supplies,Paper,12,2154.89,0.2,1723.91,5.42,-380.89,-22.09%
ORD-1235,9/9/2022,9/11/2022,Corporate,North,Wisconsin,Office Supplies,Envelopes,11,1496.03,0.05,1421.23,7.51,182.51,12.84%
ORD-1236,8/14/2024,8/20/2024,Consumer,West,Arizona,Furniture,Storage,9,394.75,0,394.75,50.03,36.31,9.20%
ORD-1237,10/6/2023,10/13/2023,Home Office,Central,Indiana,Technology,Laptops,11,5455.47,0.1,4909.92,0,-105.70,-2.15%
ORD-1238,2/17/2022,2/20/2022,Corporate,West,California,Furniture,Chairs,12,5067.07,0.1,4560.36,49.62,121.92,2.67%
ORD-1239,10/12/2022,10/14/2022,Corporate,West,Nevada,Furniture,Tables,1,393.98,0.4,236.39,41.63,-159.05,-67.28%
ORD-1240,5/17/2022,5/24/2022,Home Office,North,Michigan,Technology,Accessories,8,2307.33,0,2307.33,18.12,502.18,21.76%
ORD-1241,11/1/2022,11/4/2022,Corporate,West,California,Technology,Accessories,14,3980.43,0,3980.43,21.13,869.36,21.84%
ORD-1242,5/15/2023,5/22/2023,Home Office,South,Florida,Technology,Printers,4,2564.95,0.35,1667.22,14.95,-888.11,-53.27%
ORD-1243,7/13/2023,7/20/2023,Corporate,West,Washington,Technology,Printers,1,568.22,0.35,369.34,16.11,-200.58,-54.31%
ORD-1244,6/15/2022,6/22/2022,Home Office,North,Wisconsin,Technology,Printers,2,441.89,0.45,243.04,19.25,-168.61,-69.38%
ORD-1245,9/12/2023,9/19/2023,Home Office,East,Massachusetts,Furniture,Storage,14,5241.89,0,5241.89,53.32,665.45,12.69%
ORD-1246,5/10/2022,5/15/2022,Home Office,East,Pennsylvania,Office Supplies,Binders,2,317.38,0.15,269.77,4.79,9.35,3.47%
ORD-1247,7/21/2023,7/26/2023,Home Office,West,Arizona,Technology,Printers,9,5034.10,0.35,3272.17,19.59,-1740.13,-53.18%
ORD-1248,9/1/2023,9/7/2023,Consumer,East,Massachusetts,Technology,Accessories,8,977.44,0.2,781.95,17.44,-52.15,-6.67%
ORD-1249,6/16/2023,6/19/2023,Home Office,Central,Kansas,Furniture,Tables,3,239.69,0.3,167.78,52.8,-96.37,-57.44%
ORD-1250,5/19/2023,5/21/2023,Consumer,East,Connecticut,Furniture,Desks,12,7457.40,0.45,4101.57,45.56,-2269.53,-55.33%
ORD-1251,8/25/2022,8/27/2022,Consumer,Central,Missouri,Furniture,Storage,12,4337.67,0,4337.67,58.5,546.35,12.60%
ORD-1252,5/15/2022,5/18/2022,Corporate,South,Georgia,Technology,Monitors,14,11133.59,0.2,8906.87,22.83,-1610.09,-18.08%
ORD-1253,3/26/2022,3/30/2022,Home Office,Central,Kansas,Furniture,Storage,4,2614.48,0.2,2091.58,31.15,-323.08,-15.45%
ORD-1254,5/10/2024,5/17/2024,Corporate,Central,Indiana,Office Supplies,Labels,5,2322.99,0.2,1858.39,6.36,35.26,1.90%
ORD-1255,12/23/2022,12/26/2022,Consumer,North,Michigan,Furniture,Chairs,14,1668.27,0,1668.27,50.32,268.51,16.10%
ORD-1256,9/15/2023,9/22/2023,Corporate,West,Oregon,Technology,Printers,2,1024.80,0.3,717.36,17.68,-335.29,-46.74%
ORD-1257,5/28/2022,6/2/2022,Home Office,East,Massachusetts,Furniture,Tables,13,8840.34,0.3,6188.24,50.89,-2985.62,-48.25%
ORD-1258,12/16/2022,12/22/2022,Consumer,East,Pennsylvania,Office Supplies,Envelopes,5,1342.25,0,1342.25,5.62,266.76,19.87%
ORD-1259,1/26/2024,1/29/2024,Home Office,South,Texas,Furniture,Bookcases,14,5260.80,0,5260.8,56.73,772.10,14.68%
ORD-1260,12/21/2022,12/25/2022,Corporate,West,Washington,Technology,Monitors,5,698.99,0,698.99,13.78,65.77,9.41%
ORD-1261,6/24/2023,7/1/2023,Consumer,East,New York,Furniture,Desks,12,7294.29,0.45,4011.86,48.67,-2221.12,-55.36%
ORD-1262,2/17/2022,2/19/2022,Consumer,North,Minnesota,Technology,Monitors,11,4008.15,0,4008.15,21.36,394.41,9.84%
ORD-1263,4/24/2022,4/28/2022,Home Office,West,California,Technology,Monitors,13,1240.27,0,1240.27,17.23,118.86,9.58%
ORD-1264,8/20/2022,8/27/2022,Corporate,South,Texas,Technology,Phones,11,1582.15,0,1582.15,21.7,135.88,8.59%
ORD-1265,2/5/2022,2/10/2022,Corporate,South,Florida,Office Supplies,Envelopes,13,1451.82,0.15,1234.05,5.81,-14.08,-1.14%
ORD-1266,4/20/2024,4/22/2024,Consumer,East,New York,Technology,Accessories,12,5903.53,0.2,4722.82,24.46,-290.71,-6.16%
ORD-1267,3/10/2023,3/15/2023,Consumer,East,Connecticut,Office Supplies,Labels,11,636.20,0.2,508.96,8.21,7.72,1.52%
ORD-1268,2/12/2022,2/18/2022,Consumer,West,Nevada,Technology,Monitors,15,3951.47,0.05,3753.9,23.45,105.58,2.81%
ORD-1269,12/1/2022,12/3/2022,Corporate,West,Arizona,Office Supplies,Paper,10,680.13,0,680.13,5.11,39.27,5.77%
ORD-1270,7/3/2023,7/5/2023,Home Office,West,Arizona,Furniture,Storage,11,4798.24,0.1,4318.42,33.89,-53.35,-1.24%
ORD-1271,8/19/2023,8/21/2023,Consumer,East,Pennsylvania,Office Supplies,Paper,11,6755.44,0.15,5742.12,7.06,-863.44,-15.04%
ORD-1272,4/4/2023,4/11/2023,Home Office,East,New York,Furniture,Desks,8,3965.22,0.3,2775.65,38.49,-955.27,-34.42%
ORD-1273,3/17/2023,3/21/2023,Consumer,South,Texas,Technology,Phones,9,5666.80,0.15,4816.78,15.87,-582.77,-12.10%
ORD-1274,5/9/2023,5/16/2023,Home Office,South,Texas,Furniture,Chairs,9,586.26,0.15,498.32,58.07,-37.35,-7.50%
ORD-1275,1/6/2024,1/12/2024,Corporate,North,Michigan,Furniture,Storage,6,830.93,0.2,664.74,32.43,-109.44,-16.46%
ORD-1276,1/8/2022,1/11/2022,Consumer,North,Minnesota,Office Supplies,Labels,1,385.34,0.05,366.07,8.06,81.78,22.34%
ORD-1277,5/24/2023,5/26/2023,Home Office,North,Wisconsin,Office Supplies,Envelopes,6,1367.62,0,1367.62,6.6,271.54,19.85%
ORD-1278,11/13/2022,11/17/2022,Home Office,Central,Indiana,Technology,Phones,2,1406.88,0.2,1125.5,16.16,-218.69,-19.43%
ORD-1279,6/19/2023,6/23/2023,Consumer,East,New York,Office Supplies,Envelopes,13,3296.39,0.1,2966.75,5.22,176.44,5.95%
ORD-1280,3/1/2023,3/3/2023,Corporate,Central,Indiana,Technology,Printers,4,1760.45,0.3,1232.32,24.58,-574.24,-46.60%
ORD-1281,3/14/2022,3/16/2022,Home Office,West,California,Office Supplies,Pens & Art,8,6156.24,0,6156.24,7.19,1721.59,27.96%
ORD-1282,7/3/2024,7/8/2024,Consumer,North,Michigan,Office Supplies,Envelopes,10,900.28,0,900.28,6.88,177.99,19.77%
ORD-1283,10/8/2022,10/13/2022,Home Office,North,North Dakota,Office Supplies,Binders,5,1099.39,0,1099.39,8.09,272.42,24.78%
ORD-1284,2/5/2022,2/8/2022,Corporate,East,Pennsylvania,Furniture,Bookcases,13,8054.35,0,8054.35,33.97,1197.96,14.87%
ORD-1285,8/15/2022,8/22/2022,Corporate,West,California,Furniture,Tables,5,1893.64,0.3,1325.55,32.06,-645.88,-48.73%
ORD-1286,3/5/2023,3/7/2023,Home Office,East,New York,Office Supplies,Labels,2,1146.52,0,1146.52,5.86,342.20,29.85%
ORD-1287,11/24/2024,11/27/2024,Corporate,East,Massachusetts,Technology,Laptops,9,1900.21,0.05,1805.2,13.88,86.10,4.77%
ORD-1288,3/12/2023,3/18/2023,Consumer,North,Wisconsin,Technology,Phones,11,5607.62,0.15,4766.48,13.66,-576.08,-12.09%
ORD-1289,12/26/2023,12/30/2023,Consumer,East,Pennsylvania,Technology,Laptops,3,261.61,0.2,209.29,23.05,-40.40,-19.30%
ORD-1290,12/27/2023,1/1/2024,Consumer,North,Wisconsin,Furniture,Chairs,12,3900.89,0,3900.89,40.65,650.96,16.69%
ORD-1291,4/2/2022,4/7/2022,Corporate,South,Georgia,Technology,Phones,10,5010.54,0,5010.54,20.76,444.72,8.88%
ORD-1292,4/14/2022,4/21/2022,Home Office,West,California,Furniture,Chairs,4,2077.93,0.2,1662.34,44.86,-196.32,-11.81%
ORD-1293,8/12/2023,8/15/2023,Consumer,Central,Kansas,Furniture,Bookcases,15,6885.54,0,6885.54,40.82,1020.58,14.82%
ORD-1294,12/2/2023,12/8/2023,Corporate,North,Minnesota,Office Supplies,Paper,13,10313.58,0.1,9282.22,5.7,-744.29,-8.02%
ORD-1295,4/2/2024,4/7/2024,Consumer,South,Florida,Technology,Phones,13,10363.18,0,10363.18,19.85,926.73,8.94%
ORD-1296,5/23/2024,5/27/2024,Consumer,East,Connecticut,Technology,Phones,6,4394.85,0,4394.85,21.46,389.10,8.85%
ORD-1297,11/18/2023,11/21/2023,Home Office,Central,Indiana,Technology,Printers,5,764.06,0.3,534.84,13.74,-250.15,-46.77%
ORD-1298,1/7/2024,1/11/2024,Consumer,Central,Kansas,Technology,Printers,13,1526.65,0.35,992.32,24.18,-533.18,-53.73%
ORD-1299,11/28/2024,12/5/2024,Consumer,North,Wisconsin,Technology,Printers,6,4614.23,0.4,2768.54,21.48,-1667.57,-60.23%
ORD-1300,5/24/2022,5/27/2022,Home Office,West,Oregon,Technology,Accessories,7,4456.17,0.05,4233.36,20.78,628.77,14.85%
ORD-1301,10/13/2022,10/20/2022,Home Office,Central,Indiana,Office Supplies,Pens & Art,5,2955.93,0,2955.93,4.73,826.24,27.95%
ORD-1302,1/11/2024,1/17/2024,Home Office,North,Illinois,Office Supplies,Envelopes,15,9748.70,0.1,8773.83,5.13,524.89,5.98%
ORD-1303,4/6/2023,4/13/2023,Corporate,North,Minnesota,Technology,Accessories,11,7809.74,0,7809.74,22.95,1711.26,21.91%
ORD-1304,4/12/2022,4/17/2022,Corporate,East,Pennsylvania,Technology,Accessories,5,3164.05,0.15,2689.44,12.62,23.11,0.86%
ORD-1305,8/12/2023,8/18/2023,Home Office,West,Arizona,Furniture,Desks,9,2786.83,0.45,1532.76,52.59,-858.80,-56.03%
ORD-1306,5/9/2023,5/12/2023,Consumer,South,Texas,Furniture,Chairs,2,146.49,0,146.49,55.51,8.25,5.63%
ORD-1307,12/23/2023,12/28/2023,Home Office,North,Illinois,Technology,Accessories,1,353.59,0.15,300.55,14.68,-1.40,-0.47%
ORD-1308,12/23/2023,12/30/2023,Consumer,South,Florida,Technology,Accessories,9,5236.20,0.15,4450.77,19.41,38.68,0.87%
ORD-1309,6/27/2024,6/29/2024,Corporate,East,New York,Technology,Laptops,8,1084.54,0,1084.54,12.65,126.35,11.65%
ORD-1310,3/7/2022,3/9/2022,Home Office,East,Massachusetts,Office Supplies,Labels,3,1547.94,0,1547.94,6.19,462.52,29.88%
ORD-1311,2/13/2024,2/18/2024,Corporate,East,New Jersey,Furniture,Tables,3,918.75,0.45,505.31,40.26,-360.74,-71.39%
ORD-1312,4/19/2023,4/23/2023,Corporate,North,Michigan,Furniture,Tables,1,133.64,0.3,93.55,31.92,-54.48,-58.24%
ORD-1313,1/27/2023,2/1/2023,Corporate,Central,Colorado,Office Supplies,Paper,9,3092.64,0.1,2783.38,7.09,-224.80,-8.08%
ORD-1314,6/2/2024,6/9/2024,Consumer,Central,Ohio,Furniture,Bookcases,9,4170.67,0.1,3753.6,52.93,21.66,0.58%
ORD-1315,12/7/2022,12/14/2022,Consumer,Central,Indiana,Technology,Monitors,13,2161.77,0,2161.77,17.93,210.80,9.75%
ORD-1316,4/26/2024,4/30/2024,Consumer,West,Nevada,Office Supplies,Paper,2,166.63,0.1,149.97,5.87,-13.76,-9.18%
ORD-1317,9/4/2023,9/6/2023,Home Office,East,Connecticut,Furniture,Chairs,7,927.28,0.1,834.55,46.69,11.03,1.32%
ORD-1318,12/9/2023,12/11/2023,Home Office,North,Illinois,Technology,Accessories,7,3703.06,0.1,3332.75,20.27,260.54,7.82%
ORD-1319,9/13/2024,9/15/2024,Corporate,South,Louisiana,Furniture,Desks,1,325.70,0.4,195.42,49.7,-108.71,-55.63%
ORD-1320,11/10/2023,11/12/2023,Corporate,West,Oregon,Furniture,Chairs,5,3383.17,0.2,2706.54,49.87,-312.68,-11.55%
ORD-1321,4/20/2023,4/25/2023,Consumer,South,Georgia,Furniture,Tables,11,935.99,0.45,514.79,35.61,-365.89,-71.08%
ORD-1322,11/10/2022,11/16/2022,Home Office,West,Nevada,Furniture,Chairs,12,4954.01,0,4954.01,52.35,826.48,16.68%
ORD-1323,11/2/2022,11/6/2022,Consumer,Central,Indiana,Technology,Phones,8,437.51,0,437.51,21.48,32.93,7.53%
ORD-1324,10/12/2022,10/17/2022,Corporate,East,New York,Office Supplies,Envelopes,8,3850.59,0,3850.59,8.23,767.65,19.94%
ORD-1325,11/24/2023,11/26/2023,Home Office,Central,Indiana,Furniture,Bookcases,14,7780.47,0,7780.47,30.21,1158.01,14.88%
ORD-1326,10/21/2023,10/28/2023,Home Office,South,Florida,Technology,Phones,7,2925.48,0.2,2340.38,22.43,-451.40,-19.29%
ORD-1327,11/9/2022,11/16/2022,Corporate,North,Illinois,Technology,Phones,10,6469.92,0,6469.92,21.58,575.82,8.90%
ORD-1328,4/10/2023,4/12/2023,Corporate,East,Massachusetts,Furniture,Bookcases,11,4660.71,0.1,4194.64,41.08,29.62,0.71%
ORD-1329,10/10/2024,10/14/2024,Home Office,North,Illinois,Office Supplies,Pens & Art,5,2761.32,0.05,2623.25,4.47,549.54,20.95%
ORD-1330,3/2/2022,3/9/2022,Corporate,East,Pennsylvania,Furniture,Bookcases,13,8943.90,0.2,7155.12,0,-944.28,-13.20%
ORD-1331,12/14/2023,12/20/2023,Home Office,East,Massachusetts,Technology,Laptops,7,2238.57,0,2238.57,19.95,262.64,11.73%
ORD-1332,9/22/2023,9/29/2023,Corporate,South,Louisiana,Office Supplies,Paper,6,2479.45,0.2,1983.56,4.91,-437.86,-22.07%
ORD-1333,2/24/2023,2/28/2023,Consumer,Central,Kansas,Furniture,Chairs,13,5899.92,0,5899.92,57.24,985.81,16.71%
ORD-1334,7/12/2023,7/17/2023,Consumer,North,Michigan,Furniture,Desks,5,2373.36,0.45,1305.35,54.43,-734.27,-56.25%
ORD-1335,2/17/2022,2/22/2022,Home Office,North,Illinois,Office Supplies,Labels,2,1391.97,0.05,1322.37,6.43,302.22,22.85%
ORD-1336,6/15/2024,6/17/2024,Consumer,North,Michigan,Technology,Phones,3,790.08,0.15,671.57,14.87,-85.05,-12.66%
ORD-1337,9/15/2022,9/18/2022,Corporate,West,Oregon,Office Supplies,Paper,5,896.83,0.2,717.46,4.91,-159.31,-22.20%
ORD-1338,9/14/2023,9/21/2023,Consumer,West,Arizona,Technology,Printers,8,2527.23,0.3,1769.06,19.33,-819.57,-46.33%
ORD-1339,1/21/2022,1/25/2022,Consumer,East,Pennsylvania,Furniture,Storage,12,2523.91,0.15,2145.32,55.18,-188.18,-8.77%
ORD-1340,5/27/2022,6/2/2022,Consumer,South,Louisiana,Furniture,Storage,1,249.09,0,249.09,42.8,19.54,7.84%
ORD-1341,5/12/2023,5/15/2023,Home Office,Central,Indiana,Furniture,Tables,13,2117.89,0.45,1164.84,29.96,-812.73,-69.77%
ORD-1342,8/12/2022,8/19/2022,Consumer,South,Louisiana,Office Supplies,Binders,12,6308.09,0,6308.09,5.78,1575.29,24.97%
ORD-1343,12/4/2024,12/9/2024,Home Office,East,Connecticut,Office Supplies,Binders,11,7384.90,0,7384.9,7.1,1844.09,24.97%
ORD-1344,7/7/2022,7/14/2022,Corporate,West,Oregon,Technology,Printers,12,6639.67,0.3,4647.77,16.39,-2142.89,-46.11%
ORD-1345,9/14/2022,9/16/2022,Home Office,North,Illinois,Office Supplies,Pens & Art,14,10085.85,0.1,9077.27,7.22,1268.65,13.98%
ORD-1346,9/27/2023,10/1/2023,Consumer,East,Pennsylvania,Technology,Monitors,9,7010.09,0,7010.09,21.46,694.57,9.91%
ORD-1347,10/11/2023,10/13/2023,Consumer,South,Florida,Office Supplies,Envelopes,4,68.60,0.15,58.31,4.57,-1.95,-3.34%
ORD-1348,11/24/2022,11/29/2022,Home Office,Central,Ohio,Furniture,Desks,12,1134.16,0.4,680.5,48.34,-341.14,-50.13%
ORD-1349,11/28/2022,12/5/2022,Corporate,East,New York,Furniture,Chairs,5,1488.84,0.15,1265.51,38.59,-62.20,-4.92%
ORD-1350,10/11/2022,10/18/2022,Consumer,North,Wisconsin,Technology,Laptops,6,4303.23,0.1,3872.91,15.98,-82.25,-2.12%
ORD-1351,6/9/2023,6/16/2023,Corporate,North,Minnesota,Furniture,Desks,14,4449.01,0.45,2446.96,52.92,-1361.70,-55.65%
ORD-1352,2/16/2024,2/21/2024,Consumer,South,Florida,Technology,Laptops,13,6001.07,0.05,5701.02,14.88,280.59,4.92%
ORD-1353,12/14/2022,12/16/2022,Home Office,East,Massachusetts,Technology,Phones,8,408.71,0,408.71,20.85,30.53,7.47%
ORD-1354,12/28/2024,12/30/2024,Home Office,Central,Indiana,Office Supplies,Labels,6,2534.96,0.15,2154.72,7.14,191.78,8.90%
ORD-1355,5/21/2024,5/27/2024,Home Office,West,Arizona,Office Supplies,Paper,7,921.86,0.2,737.49,6.55,-164.21,-22.27%
ORD-1356,11/28/2023,12/2/2023,Consumer,North,Illinois,Office Supplies,Paper,3,221.31,0.05,210.24,5.55,-3.77,-1.79%
ORD-1357,10/27/2023,11/1/2023,Consumer,East,Connecticut,Office Supplies,Paper,4,307.53,0.05,292.15,7.57,-5.19,-1.78%
ORD-1358,12/21/2024,12/27/2024,Corporate,North,Minnesota,Furniture,Bookcases,1,95.58,0.05,90.8,30.45,-1.87,-2.06%
ORD-1359,12/7/2024,12/9/2024,Consumer,North,Michigan,Office Supplies,Labels,11,5963.18,0,5963.18,5.73,1787.23,29.97%
ORD-1360,9/22/2024,9/29/2024,Corporate,South,Louisiana,Furniture,Storage,6,3461.95,0,3461.95,32.26,440.38,12.72%
ORD-1361,8/23/2023,8/30/2023,Consumer,South,Georgia,Furniture,Bookcases,2,101.87,0,101.87,43.88,2.12,2.08%
ORD-1362,3/7/2023,3/9/2023,Consumer,West,Washington,Furniture,Storage,8,5298.20,0,5298.2,50.47,673.62,12.71%
ORD-1363,11/15/2023,11/20/2023,Consumer,West,California,Office Supplies,Labels,11,5253.75,0.1,4728.38,4.77,755.11,15.97%
ORD-1364,12/16/2024,12/19/2024,Home Office,North,Illinois,Office Supplies,Binders,15,6210.62,0,6210.62,7.11,1550.52,24.97%
ORD-1365,12/13/2024,12/17/2024,Consumer,South,Louisiana,Furniture,Storage,7,5487.36,0.15,4664.26,51.81,-388.68,-8.33%
ORD-1366,3/23/2024,3/29/2024,Corporate,West,Washington,Furniture,Tables,15,9037.73,0.4,5422.64,54.19,-3378.29,-62.30%
ORD-1367,3/23/2024,3/30/2024,Home Office,East,Pennsylvania,Office Supplies,Labels,5,2769.95,0.15,2354.46,4.76,210.47,8.94%
ORD-1368,11/16/2024,11/23/2024,Home Office,South,Texas,Office Supplies,Pens & Art,10,4629.51,0.15,3935.08,7.18,273.30,6.95%
ORD-1369,2/5/2023,2/8/2023,Corporate,Central,Colorado,Furniture,Chairs,1,541.15,0,541.15,37.25,80.82,14.93%
ORD-1370,10/7/2023,10/9/2023,Home Office,East,New York,Furniture,Desks,13,5717.66,0.4,3430.6,53.33,-1662.69,-48.47%
ORD-1371,10/13/2024,10/17/2024,Home Office,Central,Indiana,Office Supplies,Labels,4,1664.30,0.2,1331.44,7.56,24.36,1.83%
ORD-1372,12/1/2022,12/6/2022,Corporate,North,Michigan,Furniture,Tables,12,2547.63,0.2,2038.1,54.94,-709.44,-34.81%
ORD-1373,8/7/2024,8/10/2024,Home Office,South,Louisiana,Office Supplies,Pens & Art,13,7592.75,0,7592.75,5.44,2124.34,27.98%
ORD-1374,6/9/2023,6/13/2023,Consumer,North,Minnesota,Technology,Printers,9,2001.85,0.35,1301.2,19.96,-695.62,-53.46%
ORD-1375,3/20/2023,3/24/2023,Corporate,North,Minnesota,Furniture,Desks,1,622.32,0.2,497.86,54.19,-115.83,-23.27%
ORD-1376,11/17/2023,11/23/2023,Home Office,West,California,Office Supplies,Pens & Art,4,3064.94,0.1,2758.45,4.49,384.84,13.95%
ORD-1377,2/7/2022,2/13/2022,Corporate,South,Alabama,Office Supplies,Labels,11,3030.81,0,3030.81,5.43,907.61,29.95%
ORD-1378,10/8/2023,10/10/2023,Corporate,Central,Ohio,Office Supplies,Binders,15,7787.66,0.1,7008.89,5.22,769.41,10.98%
ORD-1379,8/1/2023,8/7/2023,Corporate,East,New Jersey,Technology,Monitors,15,6311.12,0.2,5048.9,17.32,-914.00,-18.10%
ORD-1380,5/4/2022,5/6/2022,Corporate,West,Washington,Technology,Accessories,3,2333.19,0.2,1866.55,19.38,-117.81,-6.31%
ORD-1381,11/18/2022,11/25/2022,Consumer,North,North Dakota,Office Supplies,Paper,14,7933.14,0.15,6743.17,7.46,-1013.71,-15.03%
ORD-1382,7/2/2023,7/8/2023,Home Office,North,Minnesota,Office Supplies,Paper,2,145.00,0,145,7.54,6.44,4.44%
ORD-1383,6/13/2024,6/19/2024,Home Office,North,North Dakota,Technology,Accessories,7,1843.64,0.05,1751.46,21.08,256.40,14.64%
ORD-1384,11/2/2024,11/4/2024,Home Office,North,Minnesota,Office Supplies,Labels,12,8170.53,0,8170.53,8.1,2448.73,29.97%
ORD-1385,4/13/2023,4/19/2023,Home Office,East,New York,Furniture,Storage,7,4622.56,0,4622.56,43.34,587.93,12.72%
ORD-1386,5/5/2024,5/12/2024,Consumer,South,Louisiana,Office Supplies,Envelopes,5,2733.36,0.2,2186.69,7.84,-177.29,-8.11%
ORD-1387,2/19/2022,2/23/2022,Consumer,East,Pennsylvania,Office Supplies,Labels,10,3243.54,0.1,2919.19,8.18,464.62,15.92%
ORD-1388,6/28/2024,7/2/2024,Home Office,South,Florida,Office Supplies,Pens & Art,9,1141.45,0,1141.45,5.13,318.07,27.87%
ORD-1389,11/15/2024,11/19/2024,Consumer,South,Texas,Technology,Printers,11,4911.35,0.4,2946.81,21.06,-1774.40,-60.21%
ORD-1390,12/5/2023,12/7/2023,Consumer,North,North Dakota,Office Supplies,Labels,11,5825.01,0,5825.01,5.4,1745.88,29.97%
ORD-1391,9/23/2023,9/27/2023,Corporate,South,Georgia,Furniture,Tables,10,1346.30,0.2,1077.04,40.12,-378.23,-35.12%
ORD-1392,11/24/2024,12/1/2024,Consumer,West,Washington,Technology,Accessories,11,3930.93,0.2,3144.74,17.13,-193.82,-6.16%
ORD-1393,11/18/2023,11/22/2023,Corporate,East,New Jersey,Furniture,Tables,2,305.96,0.2,244.77,31.81,-92.76,-37.90%
ORD-1394,10/28/2022,11/2/2022,Home Office,South,Texas,Technology,Accessories,9,4597.44,0.2,3677.95,19.93,-226.66,-6.16%
ORD-1395,8/16/2024,8/22/2024,Consumer,Central,Missouri,Technology,Printers,11,6858.83,0.4,4115.3,17.55,-2474.44,-60.13%
ORD-1396,2/18/2023,2/23/2023,Consumer,East,Connecticut,Furniture,Storage,1,535.20,0.2,428.16,57.74,-81.55,-19.05%
ORD-1397,3/22/2024,3/26/2024,Home Office,South,Florida,Technology,Monitors,14,10845.41,0.15,9218.6,21.82,-1020.59,-11.07%
ORD-1398,4/2/2022,4/7/2022,Consumer,North,Minnesota,Furniture,Desks,11,1950.49,0.4,1170.29,40.81,-573.98,-49.05%
ORD-1399,10/21/2024,10/27/2024,Consumer,North,Minnesota,Office Supplies,Pens & Art,14,3215.71,0.15,2733.35,5.31,189.74,6.94%
ORD-1400,9/17/2022,9/21/2022,Consumer,Central,Missouri,Furniture,Tables,5,1552.09,0.35,1008.86,44.58,-568.25,-56.33%
ORD-1401,8/15/2022,8/18/2022,Corporate,East,New York,Furniture,Storage,3,586.63,0.1,527.97,48.32,-19.78,-3.75%
ORD-1402,10/22/2022,10/27/2022,Consumer,South,Louisiana,Technology,Accessories,4,1361.89,0,1361.89,21.68,293.11,21.52%
ORD-1403,10/1/2023,10/4/2023,Corporate,West,Washington,Technology,Printers,4,195.47,0.2,156.38,20.06,-56.06,-35.85%
ORD-1404,3/17/2022,3/24/2022,Consumer,Central,Ohio,Office Supplies,Paper,7,3398.47,0.1,3058.62,6.88,-246.75,-8.07%
ORD-1405,12/6/2023,12/12/2023,Consumer,East,Connecticut,Technology,Monitors,4,2667.34,0.1,2400.61,14.4,-100.34,-4.18%
ORD-1406,3/11/2024,3/16/2024,Home Office,South,Georgia,Office Supplies,Labels,15,5564.61,0.1,5008.15,4.49,799.96,15.97%
ORD-1407,8/22/2024,8/27/2024,Consumer,West,Washington,Technology,Laptops,7,4646.70,0.1,4182.03,13.81,-87.78,-2.10%
ORD-1408,11/16/2022,11/18/2022,Home Office,Central,Colorado,Technology,Printers,11,1290.39,0.2,1032.31,19.4,-336.16,-32.56%
ORD-1409,10/8/2023,10/14/2023,Home Office,West,California,Furniture,Bookcases,13,5115.07,0.2,4092.06,40.61,-544.15,-13.30%
ORD-1410,7/28/2022,7/31/2022,Consumer,Central,Missouri,Furniture,Desks,2,474.73,0.2,379.78,41.41,-88.38,-23.27%
ORD-1411,8/1/2024,8/6/2024,Home Office,North,Illinois,Office Supplies,Binders,7,3701.73,0.15,3146.47,7.58,123.58,3.93%
ORD-1412,4/14/2024,4/19/2024,Consumer,East,Connecticut,Technology,Monitors,10,3020.31,0,3020.31,25.1,294.50,9.75%
ORD-1413,3/18/2024,3/25/2024,Corporate,South,Alabama,Office Supplies,Labels,8,1713.72,0,1713.72,6.63,512.13,29.88%
ORD-1414,7/6/2024,7/12/2024,Home Office,West,Washington,Technology,Laptops,2,366.70,0.05,348.36,22.5,10.67,3.06%
ORD-1415,6/1/2024,6/7/2024,Home Office,Central,Indiana,Office Supplies,Binders,13,1124.56,0,1124.56,6.18,279.29,24.84%
ORD-1416,6/2/2024,6/8/2024,Consumer,West,Washington,Technology,Accessories,12,3800.35,0.05,3610.33,20.34,535.45,14.83%
ORD-1417,9/1/2023,9/4/2023,Home Office,East,Pennsylvania,Office Supplies,Binders,4,2730.78,0.2,2184.62,6.38,-67.45,-3.09%
ORD-1418,9/2/2024,9/4/2024,Home Office,North,Wisconsin,Office Supplies,Labels,6,1216.90,0,1216.9,8.3,362.58,29.80%
ORD-1419,9/1/2024,9/8/2024,Corporate,East,Massachusetts,Furniture,Tables,12,6808.12,0.3,4765.68,45.56,-2301.19,-48.29%
ORD-1420,4/15/2022,4/20/2022,Home Office,Central,Missouri,Furniture,Bookcases,15,4981.59,0,4981.59,37.08,736.11,14.78%
ORD-1421,5/26/2022,6/1/2022,Consumer,Central,Colorado,Office Supplies,Binders,9,6894.15,0.1,6204.73,7.62,680.23,10.96%
ORD-1422,7/25/2022,7/31/2022,Home Office,East,Connecticut,Furniture,Tables,6,4617.43,0.45,2539.59,49.44,-1767.15,-69.58%
ORD-1423,6/21/2022,6/26/2022,Corporate,North,Minnesota,Technology,Accessories,12,2345.94,0,2345.94,17.8,510.77,21.77%
ORD-1424,5/22/2023,5/25/2023,Home Office,Central,Indiana,Technology,Accessories,12,7914.52,0,7914.52,0,1735.32,21.93%
ORD-1425,4/22/2024,4/25/2024,Corporate,West,Nevada,Furniture,Desks,15,10939.40,0.45,6016.67,51.07,-3324.49,-55.25%
ORD-1426,11/12/2024,11/19/2024,Corporate,South,Florida,Technology,Phones,3,1879.40,0,1879.4,24.19,161.89,8.61%
ORD-1427,11/20/2023,11/25/2023,Home Office,West,California,Technology,Printers,6,2408.92,0.2,1927.14,23.55,-623.75,-32.37%
ORD-1428,11/2/2022,11/4/2022,Home Office,South,Florida,Furniture,Tables,9,5781.84,0.45,3180.01,57.03,-2211.32,-69.54%
ORD-1429,12/17/2024,12/20/2024,Corporate,Central,Kansas,Furniture,Desks,8,2102.29,0.3,1471.6,29.75,-509.27,-34.61%
ORD-1430,9/6/2023,9/12/2023,Home Office,West,Oregon,Technology,Accessories,9,1992.03,0,1992.03,18.54,432.68,21.72%
ORD-1431,3/25/2024,3/28/2024,Corporate,East,Massachusetts,Technology,Monitors,6,1809.52,0.05,1719.04,16.12,46.74,2.72%
ORD-1432,10/18/2022,10/25/2022,Consumer,Central,Ohio,Office Supplies,Paper,7,4810.42,0,4810.42,4.81,287.18,5.97%
ORD-1433,8/17/2024,8/21/2024,Corporate,South,Alabama,Technology,Phones,9,5225.76,0.2,4180.61,18.73,-799.93,-19.13%
ORD-1434,10/7/2022,10/12/2022,Home Office,Central,Ohio,Technology,Monitors,14,3004.64,0.2,2403.71,20.54,-438.83,-18.26%
ORD-1435,9/12/2023,9/18/2023,Corporate,East,Connecticut,Furniture,Bookcases,1,338.23,0,338.23,54.9,34.26,10.13%
ORD-1436,12/12/2023,12/17/2023,Home Office,South,Florida,Office Supplies,Labels,6,3260.74,0.05,3097.7,7.45,710.24,22.93%
ORD-1437,9/28/2022,10/4/2022,Corporate,North,North Dakota,Office Supplies,Pens & Art,3,1553.57,0,1553.57,5.97,433.21,27.88%
ORD-1438,5/11/2023,5/16/2023,Corporate,Central,Indiana,Technology,Laptops,11,2680.86,0,2680.86,20.23,315.63,11.77%
ORD-1439,12/6/2023,12/13/2023,Corporate,East,Connecticut,Furniture,Storage,3,2056.67,0,2056.67,50.8,252.13,12.26%
ORD-1440,3/4/2022,3/6/2022,Home Office,East,Pennsylvania,Office Supplies,Binders,2,1500.77,0.05,1425.73,6.5,254.68,17.86%
ORD-1441,9/21/2022,9/28/2022,Home Office,West,Oregon,Technology,Laptops,15,10651.42,0,10651.42,15.49,1273.52,11.96%
ORD-1442,8/1/2022,8/6/2022,Corporate,East,Pennsylvania,Office Supplies,Paper,1,535.89,0.2,428.71,8.04,-96.73,-22.56%
ORD-1443,2/18/2024,2/25/2024,Home Office,West,Arizona,Furniture,Storage,3,1436.41,0.05,1364.59,47.95,67.49,4.95%
ORD-1444,12/18/2023,12/23/2023,Corporate,Central,Missouri,Office Supplies,Labels,4,2586.78,0.05,2457.44,5.49,563.56,22.93%
ORD-1445,8/12/2022,8/17/2022,Consumer,East,New York,Furniture,Chairs,5,1916.60,0,1916.6,49.62,310.94,16.22%
ORD-1446,9/18/2022,9/21/2022,Corporate,West,Oregon,Technology,Monitors,6,978.17,0.1,880.35,18.11,-40.65,-4.62%
ORD-1447,4/14/2022,4/20/2022,Home Office,South,Alabama,Office Supplies,Envelopes,11,2233.62,0.2,1786.9,7.56,-145.22,-8.13%
ORD-1448,6/6/2022,6/11/2022,Corporate,East,New Jersey,Office Supplies,Labels,3,727.00,0.15,617.95,6.11,53.78,8.70%
ORD-1449,5/2/2022,5/5/2022,Home Office,East,Pennsylvania,Office Supplies,Envelopes,9,291.35,0,291.35,5.38,56.66,19.45%
ORD-1450,3/7/2023,3/11/2023,Home Office,West,California,Technology,Phones,6,2069.34,0.2,1655.47,22.67,-321.34,-19.41%
ORD-1451,11/2/2022,11/5/2022,Home Office,West,California,Technology,Accessories,5,3119.44,0,3119.44,19.44,680.44,21.81%
ORD-1452,12/5/2024,12/10/2024,Corporate,South,Texas,Furniture,Chairs,7,4342.88,0.05,4125.74,36.67,401.57,9.73%
ORD-1453,10/16/2022,10/19/2022,Corporate,South,Louisiana,Office Supplies,Binders,7,3849.53,0,3849.53,8.13,959.94,24.94%
ORD-1454,4/10/2024,4/13/2024,Home Office,North,Minnesota,Office Supplies,Labels,4,1191.74,0,1191.74,7.83,355.17,29.80%
ORD-1455,1/19/2023,1/21/2023,Consumer,North,Michigan,Office Supplies,Envelopes,2,651.42,0,651.42,4.24,129.01,19.80%
ORD-1456,6/8/2022,6/15/2022,Home Office,Central,Indiana,Furniture,Storage,3,1222.31,0.15,1038.96,47.59,-97.39,-9.37%
ORD-1457,11/16/2022,11/20/2022,Consumer,North,Illinois,Furniture,Desks,4,1054.56,0.2,843.65,52.58,-184.50,-21.87%
ORD-1458,6/9/2022,6/13/2022,Home Office,West,Arizona,Technology,Laptops,15,689.98,0.15,586.48,18.11,-58.22,-9.93%
ORD-1459,3/11/2023,3/17/2023,Home Office,Central,Colorado,Furniture,Desks,12,4592.28,0.2,3673.82,56.29,-751.65,-20.46%
ORD-1460,5/18/2023,5/23/2023,Consumer,South,Alabama,Office Supplies,Paper,6,2228.71,0.2,1782.97,6.88,-394.32,-22.12%
ORD-1461,4/3/2024,4/9/2024,Consumer,South,Louisiana,Office Supplies,Pens & Art,11,8516.45,0.2,6813.16,5.83,-1.75,-0.03%
ORD-1462,5/11/2024,5/14/2024,Home Office,West,Oregon,Technology,Printers,2,181.12,0.3,126.78,13.15,-62.26,-49.11%
ORD-1463,3/19/2022,3/25/2022,Consumer,South,Alabama,Technology,Laptops,11,7386.45,0.15,6278.48,18.77,-570.69,-9.09%
ORD-1464,9/1/2022,9/3/2022,Corporate,Central,Indiana,Technology,Accessories,15,11070.19,0.15,9409.66,18.79,88.46,0.94%
ORD-1465,11/27/2023,12/1/2023,Home Office,West,Nevada,Technology,Accessories,6,3830.92,0,3830.92,22.98,835.91,21.82%
ORD-1466,2/17/2022,2/20/2022,Consumer,Central,Missouri,Office Supplies,Binders,2,188.92,0,188.92,6.43,45.30,23.98%
ORD-1467,9/18/2022,9/25/2022,Home Office,South,Louisiana,Office Supplies,Paper,12,5437.69,0.15,4622.04,4.64,-694.70,-15.03%
ORD-1468,12/26/2022,12/29/2022,Corporate,Central,Kansas,Office Supplies,Envelopes,3,1340.17,0.1,1206.15,5.62,70.68,5.86%
ORD-1469,8/28/2023,9/4/2023,Home Office,Central,Missouri,Furniture,Bookcases,6,2032.14,0.15,1727.32,42.06,-116.26,-6.73%
ORD-1470,3/24/2024,3/29/2024,Corporate,East,Connecticut,Technology,Printers,5,1488.03,0.45,818.42,18.24,-553.81,-67.67%
ORD-1471,1/10/2022,1/14/2022,Home Office,North,Illinois,Technology,Accessories,1,250.76,0,250.76,15.31,50.57,20.17%
ORD-1472,9/5/2024,9/9/2024,Home Office,North,Illinois,Furniture,Storage,2,89.25,0,89.25,33.99,1.41,1.58%
ORD-1473,11/19/2022,11/26/2022,Home Office,East,New Jersey,Technology,Phones,7,3232.01,0,3232.01,21.85,284.33,8.80%
ORD-1474,11/20/2022,11/25/2022,Corporate,East,Connecticut,Technology,Monitors,11,2758.90,0.15,2345.07,22.79,-264.79,-11.29%
ORD-1475,6/28/2022,6/30/2022,Consumer,North,North Dakota,Furniture,Bookcases,13,2508.65,0.15,2132.35,54.37,-144.25,-6.76%
ORD-1476,5/5/2024,5/12/2024,Consumer,West,California,Furniture,Storage,6,2456.31,0,2456.31,33.9,309.15,12.59%
ORD-1477,2/10/2023,2/15/2023,Corporate,West,Nevada,Office Supplies,Labels,13,4219.06,0,4219.06,5.61,1264.04,29.96%
ORD-1478,4/17/2023,4/22/2023,Home Office,Central,Kansas,Technology,Printers,7,4357.17,0.35,2832.16,22.2,-1507.70,-53.23%
ORD-1479,3/24/2024,3/29/2024,Consumer,Central,Colorado,Furniture,Tables,9,1874.73,0.3,1312.31,37.23,-641.08,-48.85%
ORD-1480,10/12/2023,10/14/2023,Home Office,East,New York,Office Supplies,Binders,6,987.21,0,987.21,6.69,244.80,24.80%
ORD-1481,9/2/2023,9/5/2023,Consumer,East,Massachusetts,Furniture,Storage,15,9858.97,0,9858.97,49.55,1266.80,12.85%
ORD-1482,12/28/2022,12/30/2022,Consumer,North,Wisconsin,Office Supplies,Binders,14,9223.27,0,9223.27,5.64,2304.13,24.98%
ORD-1483,3/7/2024,3/12/2024,Corporate,East,New Jersey,Furniture,Chairs,4,1775.77,0.2,1420.62,37,-167.37,-11.78%
ORD-1484,9/17/2024,9/24/2024,Home Office,Central,Kansas,Technology,Laptops,1,215.53,0,215.53,16.18,21.01,9.75%
ORD-1485,1/9/2024,1/11/2024,Corporate,Central,Ohio,Technology,Monitors,11,7522.74,0.15,6394.33,17.14,-708.52,-11.08%
ORD-1486,12/23/2024,12/29/2024,Corporate,North,Wisconsin,Office Supplies,Envelopes,2,1449.08,0.05,1376.63,7.84,176.61,12.83%
ORD-1487,9/1/2024,9/6/2024,Consumer,North,North Dakota,Technology,Printers,1,209.20,0.2,167.36,16.44,-58.49,-34.95%
ORD-1488,10/21/2023,10/23/2023,Home Office,West,Oregon,Technology,Laptops,5,1002.10,0.1,901.89,16.08,-22.86,-2.53%
ORD-1489,4/13/2023,4/20/2023,Corporate,East,New Jersey,Technology,Printers,11,1350.25,0.45,742.64,19.16,-503.32,-67.77%
ORD-1490,4/14/2022,4/17/2022,Home Office,Central,Kansas,Office Supplies,Paper,5,3645.71,0,3645.71,6.09,216.92,5.95%
ORD-1491,10/28/2022,11/2/2022,Home Office,South,Louisiana,Technology,Printers,3,772.69,0.2,618.15,24.06,-205.03,-33.17%
ORD-1492,2/24/2024,3/2/2024,Home Office,South,Georgia,Office Supplies,Paper,2,319.09,0.2,255.27,7.89,-58.53,-22.93%
ORD-1493,7/24/2024,7/27/2024,Corporate,North,Michigan,Furniture,Tables,5,671.43,0.35,436.43,32.54,-249.80,-57.24%
ORD-1494,9/20/2022,9/27/2022,Home Office,North,Illinois,Office Supplies,Pens & Art,4,785.06,0,785.06,5.71,218.10,27.78%
ORD-1495,10/6/2023,10/9/2023,Consumer,West,Arizona,Office Supplies,Labels,14,4468.19,0.05,4244.78,4.78,974.87,22.97%
ORD-1496,12/24/2022,12/27/2022,Consumer,South,Georgia,Furniture,Chairs,11,8698.48,0.2,6958.78,35.41,-776.09,-11.15%
ORD-1497,12/13/2023,12/20/2023,Home Office,West,Arizona,Furniture,Bookcases,13,621.84,0.15,528.56,53.64,-47.81,-9.05%
ORD-1498,8/23/2024,8/25/2024,Corporate,East,Connecticut,Office Supplies,Labels,13,588.01,0,588.01,6.1,174.57,29.69%
ORD-1499,9/25/2024,9/30/2024,Home Office,South,Texas,Office Supplies,Envelopes,11,8476.98,0,8476.98,5.42,1693.77,19.98%
ORD-1010,12/22/2022,12/29/2022,Home Office,West,Oregon,Furniture,Storage,12,1259.08,0.1,1133.17,51.48,-26.78,-2.36%
